user_id,first,last,original,new
8246,Ahmet,Akın,abdul-quiyum-bzL0AlNozdk-unsplash.jpg,Ahmet Akın.jpg
8209,Ahmet,Bayram,abdullah-ali-V4bv8rtprTE-unsplash.jpg,Ahmet Bayram.jpg
8262,Ahmet,Saraç,abdullah-ali-yQA11IaTA58-unsplash.jpg,Ahmet Saraç.jpg
8241,Ahmet,Soylu,albert-dera-ILip77SbmOE-unsplash.jpg,Ahmet Soylu.jpg
8217,Ahmet,Şahin,alef-morais-LPvi7DMp-HU-unsplash.jpg,Ahmet Şahin.jpg
8231,Ali,Acar,alex-suprun-ZHvM3XIOHoE-unsplash.jpg,Ali Acar.jpg
8180,Ali,Kaplan,ali-mammadli-ngAuVVO1lQ4-unsplash.jpg,Ali Kaplan.jpg
8245,Ali,Yıldız,ali-morshedlou-WMD64tMfc4k-unsplash.jpg,Ali Yıldız.jpg
8196,Ali,Çetin,almos-bechtold-3402kvtHhOo-unsplash.jpg,Ali Çetin.jpg
8221,Barış,Kılıç,andrey-zvyagintsev-x0c6vTO5ibA-unsplash.jpg,Barış Kılıç.jpg
8243,Berk,Özkan,aurelien-thomas-XpejolzYGvc-unsplash.jpg,Berk Özkan.jpg
8257,Berk,Şahin,austin-distel-7uoMmzPd2JA-unsplash.jpg,Berk Şahin.jpg
8265,Berkay,Özkan,austin-human-Ec7cHN7ofi0-unsplash.jpg,Berkay Özkan.jpg
8254,Burak,Boz,behrouz-sasani-1B22UBPK1Pw-unsplash.jpg,Burak Boz.jpg
8187,Burak,Yılmaz,ben-o-bro-C5XyLljkMrY-unsplash.jpg,Burak Yılmaz.jpg
8228,Can,Aslan,bishesh-shrestha-2b7QWN-XG_o-unsplash.jpg,Can Aslan.jpg
8260,Caner,Eren,carlos-andres-gomez-vJuk8Y86mRw-unsplash.jpg,Caner Eren.jpg
8251,Caner,Kahraman,cesar-rincon-XHVpWcr5grQ-unsplash.jpg,Caner Kahraman.jpg
8197,Cem,Gül,charles-etoroma-95UF6LXe-Lo-unsplash.jpg,Cem Gül.jpg
8269,Cem,Tunç,charlesdeluvio-kVg2DQTAK7c-unsplash.jpg,Cem Tunç.jpg
8203,Doğan,Saraç,christian-buehner-84E44EdD18o-unsplash.jpg,Doğan Saraç.jpg
8208,Emre,Polat,christopher-campbell-rDEOVtE7vOs-unsplash.jpg,Emre Polat.jpg
8216,Engin,Kaya,connor-wilkins-2crxTr4jCkc-unsplash.jpg,Engin Kaya.jpg
8237,Eren,Güneş,craig-mckay-jmURdhtm7Ng-unsplash.jpg,Eren Güneş.jpg
8205,Erkan,Akın,dane-wetton-vzticETKMYU-unsplash.jpg,Erkan Akın.jpg
8198,Erkan,Güneş,daniel-rigdon-dXmXKPP2L4E-unsplash.jpg,Erkan Güneş.jpg
8223,Erkan,Yıldırım,daniil-lobachev-93BsHRWB1yQ-unsplash.jpg,Erkan Yıldırım.jpg
8185,Fatih,Demirel,darshan-patel-QJEVpydulGs-unsplash.jpg,Fatih Demirel.jpg
8220,Halil,Gül,derick-mckinney-kfN-BBbWTWo-unsplash.jpg,Halil Gül.jpg
8238,Halil,Yıldırım,diego-hernandez-MSepzbKFz10-unsplash.jpg,Halil Yıldırım.jpg
8224,Hasan,Kara,dorrell-tibbs-GntSiIMHyVM-unsplash.jpg,Hasan Kara.jpg
8226,Hüseyin,Erdem,dragos-gontariu-GH-mSApoKO0-unsplash.jpg,Hüseyin Erdem.jpg
8240,Kaan,Aktaş,ehsan-ahmadi-vsWy6nchcOs-unsplash.jpg,Kaan Aktaş.jpg
8215,Kaan,Saraç,elizeu-dias-2EGNqazbAMk-unsplash.jpg,Kaan Saraç.jpg
8259,Kerem,Doğan,erik-lucatero-d2MSDujJl2g-unsplash.jpg,Kerem Doğan.jpg
8195,Korhan,Boz,esref-yasa-MOQ-CUuED8w-unsplash.jpg,Korhan Boz.jpg
8194,Levent,Arslan,ethan-haddox-NTjSR3zYpsY-unsplash.jpg,Levent Arslan.jpg
8179,Mehmet,Aktaş,filipp-romanovski-CGKYNN3uuVo-unsplash.jpg,Mehmet Aktaş.jpg
8199,Mert,Aktaş,francesco-giacomini-VyMWvDSY0Yg-unsplash.jpg,Mert Aktaş.jpg
8189,Mert,Aslan,fred-moon-vSI2KnI4Abc-unsplash.jpg,Mert Aslan.jpg
8230,Mert,Soylu,gabriel-silverio-u3WmDyKGsrY-unsplash.jpg,Mert Soylu.jpg
8267,Mert,Yılmaz,gift-habeshaw-KBv5dEN3QtY-unsplash.jpg,Mert Yılmaz.jpg
8219,Mete,Aslan,harps-joseph-tAvpDE7fXgY-unsplash.jpg,Mete Aslan.jpg
8234,Murat,Gül,houcine-ncib-B4TjXnI0Y2c-unsplash.jpg,Murat Gül.jpg
8261,Murat,Ünal,humphrey-m-72QxUqXuXz8-unsplash.jpg,Murat Ünal.jpg
8218,Mustafa,Akın,ian-dooley-d1UPkiFd04A-unsplash.jpg,Mustafa Akın.jpg
8250,Mustafa,Çakır,imansyah-muhamad-putera-n4KewLKFOZw-unsplash.jpg,Mustafa Çakır.jpg
8176,Okan,Çelikkol,jack-finnigan-rriAI0nhcbc-unsplash.jpg,Okan Çelikkol.jpg
8249,Ozan,Aydın,jake-nackos-IF9TK5Uy-KI-unsplash.jpg,Ozan Aydın.jpg
8225,Ozan,Doğan,jassir-jonis-hSKBleRfj5A-unsplash.jpg,Ozan Doğan.jpg
8222,Ozan,Tekin,jeremie-aubut-mXu1SpzHq6w-unsplash.jpg,Ozan Tekin.jpg
8268,Ramazan,Bayram,jimmy-fermin-bqe0J0b26RQ-unsplash.jpg,Ramazan Bayram.jpg
8200,Ramazan,Bulut,joe-gardner-6p8ngTH1bUI-unsplash.jpg,Ramazan Bulut.jpg
8177,Selim,Korkmaz,jonas-kakaroto-KIPqvvTOC1s-unsplash.jpg,Selim Korkmaz.jpg
8227,Selçuk,Yılmaz,jorik-kleen-lNNHyRbmm0o-unsplash.jpg,Selçuk Yılmaz.jpg
8214,Serkan,Uçar,joseph-gonzalez-iFgRcqHznqg-unsplash.jpg,Serkan Uçar.jpg
8266,Tayfun,Karadağ,juri-gianfrancesco-9EZadYaMzk4-unsplash.jpg,Tayfun Karadağ.jpg
8229,Tayfun,Koç,jurica-koletic-7YVZYZeITc8-unsplash.jpg,Tayfun Koç.jpg
8184,Taylan,Koç,karsten-winegeart-kWm6bXPJl4s-unsplash.jpg,Taylan Koç.jpg
8256,Tolga,Çetin,kirill-fokin-yCtCcSqbLeI-unsplash.jpg,Tolga Çetin.jpg
8191,Tuncay,Özdemir,lance-reis-pp76Y6Fq6xw-unsplash.jpg,Tuncay Özdemir.jpg
8258,Umut,Aktaş,lance-reis-XdrKZj_K_sQ-unsplash.jpg,Umut Aktaş.jpg
8204,Umut,Eren,laurence-cruz-P7yvmajPvkM-unsplash.jpg,Umut Eren.jpg
8244,Umut,Toprak,ludovic-migneault-4uj3iZ5m084-unsplash.jpg,Umut Toprak.jpg
8236,Volkan,Kara,ludovic-migneault-EZ4TYgXPNWk-unsplash.jpg,Volkan Kara.jpg
8213,Yiğit,Korkmaz,ludvig-wiese-d-MfHM-jHwc-unsplash.jpg,Yiğit Korkmaz.jpg
8212,Yusuf,Aydın,mario-la-pergola-8EPtzH-utU4-unsplash.jpg,Yusuf Aydın.jpg
8242,Yusuf,Koç,mario-la-pergola-iEpOxUNAjbo-unsplash.jpg,Yusuf Koç.jpg
8239,Yusuf,Çakır,mason-wilkes-TMgQMXoglsM-unsplash.jpg,Yusuf Çakır.jpg
8211,İbrahim,Yıldız,mathias-huysmans-U4JDjYmjn1g-unsplash.jpg,İbrahim Yıldız.jpg
8201,İbrahim,Çelik,michael-dam-mEZ3PoFGs_k-unsplash.jpg,İbrahim Çelik.jpg
8202,Aslıhan,Korkmaz,aatik-tasneem-7omHUGhhmZ0-unsplash.jpg,Aslıhan Korkmaz.jpg
8206,Ayşe,Eren,aiony-haust-3TLl_97HNJo-unsplash.jpg,Ayşe Eren.jpg
8252,Burcu,Arslan,anastasia-vityukova-rpF3p_RrE9g-unsplash.jpg,Burcu Arslan.jpg
8175,Cansu,Aydın,batel-studio-ttSRjiYG_WM-unsplash.jpg,Cansu Aydın.jpg
8233,Eda,Şahin,christina-wocintechchat-com-m-SJvDxw0azqw-unsplash.jpg,Eda Şahin.jpg
8235,Elif,Tekin,diana-simumpande-M7i6iMgzPwc-unsplash.jpg,Elif Tekin.jpg
8178,Esin,Demir,fleur-kaan-pyrJHb1QTRA-unsplash.jpg,Esin Demir.jpg
8232,Esma,Kaplan,good-faces-xmSWVeGEnJw-unsplash.jpg,Esma Kaplan.jpg
8183,Esra,Şen,irene-strong-v2aKnjMbP_k-unsplash.jpg,Esra Şen.jpg
8192,Ferda,Bulut,jessica-radanavong-D6t70k8F28w-unsplash.jpg,Ferda Bulut.jpg
8263,Gözde,Akın,jessica-radanavong-mrYkTuAesKE-unsplash.jpg,Gözde Akın.jpg
8190,Leyla,Çelik,leilani-angel-K84vnnzxmTQ-unsplash.jpg,Leyla Çelik.jpg
8207,Merve,Toprak,nora-hutton-tCJ44OIqceU-unsplash.jpg,Merve Toprak.jpg
8264,Nilgün,Tunç,nour-kanaa-9rGHKScW67M-unsplash.jpg,Nilgün Tunç.jpg
8247,Nurdan,Kahraman,rachel-mcdermott-0fN7Fxv1eWA-unsplash.jpg,Nurdan Kahraman.jpg
8182,Pınar,Aksoy,rita-malcok-oOhTXx5mJqI-unsplash.jpg,Pınar Aksoy.jpg
8193,Selin,Akar,roth-melinda-JuDowpAjLXo-unsplash.jpg,Selin Akar.jpg
8181,Sibel,Demir,sarah-noltner-pL5ZzPp1zqg-unsplash.jpg,Sibel Demir.jpg
8210,Sıla,Şimşek,ulla-shinami-TsZvEfxM_is-unsplash.jpg,Sıla Şimşek.jpg
8253,Yeliz,Tekin,vicky-hladynets-_gDoyVv5F4c-unsplash.jpg,Yeliz Tekin.jpg
8248,Çiğdem,Özdemir,vicky-hladynets-C8Ta0gwPbQg-unsplash.jpg,Çiğdem Özdemir.jpg
8186,Özge,Kara,vicky-hladynets-GRyMXAQdtp8-unsplash.jpg,Özge Kara.jpg
8188,İpek,Güneş,vicky-hladynets-uyaTT9u6AvI-unsplash.jpg,İpek Güneş.jpg
8255,İrem,Çetin,allef-vinicius-BqNEe_ZAtxg-unsplash.jpg,İrem Çetin.jpg
8174,Deniz,Tunç,midas-hofstra-a6PMA5JEmWE-unsplash.jpg,Deniz Tunç.jpg
